{"cameraMode":{"drawMode":2,"name":"Shaded Wireframe","section":"Shading Mode"},"sceneLighting":false,"audioPlay":false,"sceneViewState":{"m_AlwaysRefresh":true,"showFog":true,"showSkybox":false,"showFlares":true,"showImageEffects":true,"showParticleSystems":true,"showVisualEffectGraphs":true,"m_FxEnabled":true},"in2DMode":false,"pivot":{"x":-0.0032338500022888185,"y":1.662132740020752,"z":3.208556652069092},"rotation":{"x":-0.010096477344632149,"y":0.9769282341003418,"z":-0.2085423469543457,"w":-0.04723294824361801},"size":0.6271045804023743,"orthographic":false}