{"cameraMode":{"drawMode":2,"name":"Shaded Wireframe","section":"Shading Mode"},"sceneLighting":false,"audioPlay":false,"sceneViewState":{"m_AlwaysRefresh":false,"showFog":false,"showSkybox":false,"showFlares":false,"showImageEffects":false,"showParticleSystems":false,"showVisualEffectGraphs":true,"m_FxEnabled":true},"in2DMode":false,"pivot":{"x":-0.001745938672684133,"y":-0.0009323190897703171,"z":-0.007748621515929699},"rotation":{"x":-0.002117513446137309,"y":-0.765876829624176,"z":0.0025445539504289629,"w":-0.642987847328186},"size":0.08743532001972199,"orthographic":false}